Peak Reduction (%),Ramp Reduction (%),Renewable Utilization (%),Average Reward
29.452317119877435,-28.16854839877145,36.09218170590624,-0.24150752840797807
